Name/Area,ZIP Codes,Phone,Email,Website
Upper South Shore,"02171, 02186, 02187, 02124, 02122",(857) 258-9888,sales@617directmedia.com,
Quail Hollow,28210,(704) 576-1965,queencityspotlightllc@gmail.com,https://qcspotlight.com/
Mount Juliet,37122,(615) 549-8870,info@engagelocal.net,https://EngageLocal.net
North Ogden,"84414, 84404, 84403, 84401, 84405",(801) 901-2004,adam@localdirectimpact.com,
Santa Clara,95050,(929) 599-6224,9x12globalgreetings@gmail.com,https://global-greetings-dir-0403.bolt.host/#contact
Springboro OH,"45005,45066,45342,45036,45458",(513) 849-4714,odingmedia1@gmail.com,
Daly City,94015,(650) 438-5979,alfredocoh004@gmail.com,
Akron,"44281, 44273, 44333, 44256, 44321",(330) 809-3847,info@stripelok.com,https://5000casas.com
Mid Island Staten Island,"10306,10314",(347) 572-7754,info@localexpand.com,https://www.localexpand.com
Citrus Appeal,"34428, 34429, 34461, 34446",(321) 279-2356,ambershinault@gmail.com,
Buckhead,30326,(404) 913-3054,localcommunitygems@gmail.com,https://localcommunitygems.com
Charleston,"29401, 29402, 29403, 29405, 29407",(843) 212-2969,andrew@lowcountrybusinessspotlight.com,https://lowcountrybusinessspotlight.com
Manhattan KS,66502,(785) 477-0955,andymel86@protonmail.com,
Roswell,"30075,30076",(770) 617-9586,andy@jointhelocalspotlight.com,https://jointhelocalspotlight.com
Pickerington,43147,(614) 732-8400,sonsmith1@gmail.com,
McAllen,"78501,78502,78503,78504,78505",(956) 370-5772,hello@rgvcomspot.com,https://RGVcomspot.com
Edinburg,"78539,78540,78541,78542",(956) 370-5772,hello@rgvcomspot.com,https://RGVcomspot.com
Moore,73160,(572) 216-0581,themoorespotlight@gmail.com,
West Beaumont,"77713, 77707, 77706",(713) 859-5973,asherholden151@gmail.com,https://spotlight-method.com
Castle Hills & Dellview,78213,(210) 446-7001,astark210@gmail.com,
Downtown Dallas TX,"75201, 75204, 75219, 75206, 75220",(972) 866-4812,lonestarlocalspotlight@gmail.com,
Ypsilanti Township,"48197, 48198",(734) 474-7464,azharmcneal54@gmail.com,
Boones Creek,"37601, 37604, 37605, 37614, 37615",(423) 943-0650,barrycbeavers@gmail.com,
Delaware Lewis Center & Galena,"43015, 43035, 43021, 43065, 43017",(614) 403-6251,ben@golocaloh.com,https://golocaloh.com
West Palm Beach & Wellington,"33477,33414,33410,33431,33401",(561) 983-3889,dibron@floridahighlights.com,
Fishers,"46037, 46038, 46060, 46032, 46033",(317) 785-1958,hello@busybeedirect.com,https://busybeedirect.com
Southern Staten Island,"10307, 10308, 10309, 10312",(347) 838-0318,bob@hometownhype.net,https://hometownhype.net
Norridge IL,"60706,60016,60068",(630) 207-3715,dahlquist.bob@gmail.com,
Statesboro,30458,(912) 346-1381,bbwill85@gmail.com,
Boulder,"80304, 80302, 80025, 80305, 80303",(720) 790-9007,tech@thinklocaldigital.com,https://thinklocaldigital.com
Downtown Simpsonville,29681,(803) 460-5815,bturc95@gmail.com,
Pittsburgh PA,15237,(724) 612-1879,hello@sewickleyspotlight.com,https://www.sewickleyspotlight.com
Overland Park,"66213,66221",(660) 631-9097,eadsbryant@gmail.com,
Fairhope / Daphne / Spanish Fort,"36532, 36526, 36527",(251) 929-4900,cjezell@easternshorespotlight.com,https://easternshorespotlight.com/
Foley / Gulf Shores / Orange Beach,"36535, 36580, 36561, 36530, 36542",(251) 929-4900,cjezell@southbaldwinspotlight.com,https://southbaldwinspotlight.com/
West Layton,84041,(801) 678-7876,cashekelly@gmail.com,
South Abilene,"79606, 79602, 79607, 79605, 79603",(512) 391-9974,chancebarnett11@gmail.com,https://www.9x12tools.com/site/texas-spotlight
Dayton MN,55327,(612) 523-5716,info@realcharliebrown.com,https://supportlocalmailers.com
Laramie WY,"82070, 82072",(307) 314-9157,hello@wyocards.com,https://wyocards.com/
Washington Township,"08012, 08028, 08032, 08071, 08081",(856) 217-4178,Chris@brandyounity.com,https://brandyounity.com/
Land O Lakes FL,"34638, 34639, 33558, 34637",(813) 591-0757,inlandolakes@gmail.com,https://inlandolakesfl.com
Verde Valley Arizona,"86322, 86324, 86326, 86325, 86351",(928) 275-3909,VerdeValleySpotlight@gmail.com,https://verdevalleyspotlight.com/
Woodbridge,"22191,22192,22193",(703) 675-8005,clarence@infinitimediagroup.com,https://www.wheresthatdeal.net
Rome,"30165, 30161, 30162, 30164",(706) 605-4509,nestofvarna.ads@gmail.com,https://varnaspotlight.com
Calhoun,"30701, 30703",(706) 605-4509,nestofvarna.ads@gmail.com,https://varnaspotlight.com
Cartersville,"30120, 30121",(706) 605-4509,nestofvarna.ads@gmail.com,https://varnaspotlight.com
Adairsville,30103,(706) 605-4509,nestofvarna.ads@gmail.com,https://varnaspotlight.com
East & Westside Bend,"97701, 97702, 97703, 97708",(323) 497-4429,cody@locallegendsor.com,https://www.9x12tools.com/site/local-legends-bend
Edwardsville,62025,(618) 535-9768,ccarp6@gmail.com,
South Fort Worth,"76133, 76110, 76109, 76107, 76132",(817) 456-9996,corey@ulamediagroup.com,https://ulamediagroup.com
Hoover,35216,(205) 907-6164,crowesnest22@yahoo.com,
Chattanooga TN,"37421, 37412, 37419, 37350",(423) 838-1760,maximum.impact.printing@gmail.com,https://www.maximumimpactprinting.com/
Greystone Birmingham,"35209,35242,35244,35226,35205",(334) 550-4840,curtis@lowdoughprinting.com,https://www.lowdoughprinting.com
North Sacramento,"95838, 95834, 95835, 95815",(916) 410-2993,dahlya@missdenterprises.com,https://missdenterprises.com
Beaverton & Hillsboro Oregon,"97078, 97007, 97006",(503) 791-1911,dsexauer@kreasion.com,https://pnwlocalspotlight.com/
Downriver,"48183, 48193, 48195, 48134, 48173",(734) 558-4823,danbrks@gmail.com,
Greenville,"29605, 29615, 29681, 29607, 29609",(864) 484-4388,localbusinesses7@gmail.com,
Elkin Jonesville & Dobson NC,"28621, 28642, 27017",(336) 756-1102,gopostcardguys@gmail.com,https://www.sweetlifemarketing.com
King & Pilot Mountain NC,"27021, 27041",(336) 756-1102,gopostcardguys@gmail.com,https://www.sweetlifemarketing.com
Mount Airy NC,27030,(336) 756-1102,gopostcardguys@gmail.com,https://www.sweetlifemarketing.com/
Pfafftown & Buenavista NC,"27040, 27104, 27106",(336) 756-1102,gopostcardguys@gmail.com,https://www.sweetlifemarketing.com
Clemmons NC,27012,(336) 756-1102,gopostcardguys@gmail.com,https://www.sweetlifemarketing.com/
Bermuda Run & Advance NC,27006,(336) 756-1102,gopostcardguys@gmail.com,https://www.sweetlifemarketing.com
Downey CA,"90240, 90241, 90242",(562) 745-9329,support@downeyspotlight.com,https://downeyspotlight.com/
Chattanooga,"37363, 37341, 37402, 37411, 37416",(423) 504-5263,Dtissi52@gmail.com,choochooagency.mycanva.site
North York Toronto,North York,(416) 420-5255,dennis@torontolocal.ca,
Lakeside,"92040, 92021",(619) 674-0012,neighborhoodlocalspotlight@gmail.com,
Ewa Beach Hawaii,Ewa Beach Kapolei,(808) 490-8116,hookahimarketing@gmail.vom,https://hookahimarketing.com/
Downtown New Orleans,"70130, 70115, 70118, 70125",(985) 710-7271,dominick@crescentcitycollaboration.com,
Lilburn & Lawrenceville,"30042, 30043, 30044, 30045, 30046",(770) 588-3887,info@lilburnbusinessspotlight.com,https://lilburnbusinessspotlight.com
Newnan GA,"30263, 30265, 30276, 30277, 30268",(678) 674-4578,info@dcmediaco.com,
North Asheville,"28804, 28803, 28805, 28806, 28801",(928) 340-7954,doug.brunson2@gmail.com,
Maple Valley,98277,(360) 672-5338,kevinspopcardlocal@purelymail.com,https://www.popcardlocal.com
Corinth / Lake Dallas,"76210,75065",(940) 242-1228,dustin@thelocalloop.co,https://www.thelocalloop.co
South Windsor,06074,(959) 229-1242,dylanpsexton@protonmail.com,
Central Fuquay,"27526, 27539, 27540, 27592, 27603",(919) 559-3816,ecdavisjr17@gmail.com,
Santa Rosa,"95401,94954,94952,95409,95404",(415) 301-8866,support@easyadmarketing.com,https://easyadmarketing.com
Grapevine TX,76051,(682) 503-1611,edsayani@gmail.com,https://www.thelocalconnectiondfw.com
Kingston Ontario,K7L1S9,(613) 604-2060,info@9x12.ca,https://9x12.ca/kingston
Susanville CA,96130,(530) 395-2082,emilyjavlen@gmail.com,
Frederick,"21701, 21702, 21703, 21704, 21705",(240) 370-4968,eyoung@spotlightfrederick.com,
South Waukesha,53186,(262) 264-6020,stellarspotlights@gmail.com,
Millburn Township,"07041, 07078",(973) 370-0074,grayeunuque@gmail.com,
Lynchburg/Timberlake,24502,(808) 657-2051,ezrajackson@deep-edge-advert.com,
Clearwater,33755,(630) 404-2265,fred@912postcard.com,https://912postcard.com/
St. Pete Beach,"33706,33707,33736",(630) 404-2265,fred@912postcard.com,https://912postcard.com/
Sarasota,"34230, 34231, 34232, 34233, 34234",(630) 404-2265,fred@912postcard.com,https://912postcard.com/
Brentwood TN,"37027, 37135, 38401, 38402",(931) 548-0433,reachyourtown@gmail.com,http://reachyourtown.com/
Salisbury NC,"28144, 28146, 28147, 27351, 28115",(704) 798-2250,gabrielbrentallen@gmail.com,
Scranton-Wilkes Barre,"18503, 18504, 18508, 18519, 18509",(570) 604-0289,marketingtrucker78@gmail.com,https://marketingtrucker.com
Mentor Ohio,"44060, 44094, 44095",(440) 256-6115,hello@mentorlocalbuzz.com,https://mailers-mentorlocalbuzz.lovable.app/
Southeast Charlotte,28105,(068) 622-533,gasper.bogataj.gb@gmail.com,
Simi Valley CA,"93065, 93063",(805) 864-2317,simivalleyspotlight@gmail.com,https://simivalleyspotlight.com/
Southwest Miami,"33173, 33143, 33146, 33155, 33165",(305) 926-2025,gtuttle2013@gmail.com,
West Valley of Phoenix,"85308, 85310, 85351, 85372, 85086",(602) 706-1099,localbizmailers@gmail.com,
Poway CA,"92064, 92126, 92129, 92128, 92130",(760) 550-9244,local.ads.sd@gmail.com,https://www.golocalsandiego.com
Pinehurst,28374,(910) 638-5901,graysonb615@gmail.com,
Amarillo,"79109, 79107, 79106, 79119, 79124",(972) 704-4160,farley@mailersonabudget.com,https://mailersonabudget.com/
Parkland FL,"33076, 33067, 33064, 33063, 33071",(954) 314-2384,advertising@adunityservices.com,https://adunityservices.com
Downtown Washington DC,"20001, 20005, 20009, 22043, 22046",(202) 599-6468,hugh@macintoshdesign.com,https://coupons.littlecitydeals.com
Brighton,"48116, 48843, 48114, 48118, 48855",(810) 623-6562,isaacfrantti@gmail.com,
Hopatcong,"07843, 07849",(973) 479-4063,jackkallok@gmail.com,
Old Folsom White Rock,95630,(916) 990-4917,jacobkeltner639@gmail.com,
East Charlotte NC,28215,(980) 224-2881,jadie@theadauthority.net,
Lansdale PA,"19446, 19454, 19422, 19403, 19406",(267) 225-0474,jai@rootofallmarketing.com,https://www.rootofallmarketing.com
South Knoxville TN,37920,(865) 386-5790,jimm523@yahoo.com,
Dale City Lake Ridge & Woodbridge,"22193,22192,22191,22194",(703) 496-4274,360genesis@gmail.com,https://thedalecityspotlight.com/
Newburgh IN,47630,(812) 660-1341,caseboltdesigns4u@gmail.com,
Lodi CA,95242,(209) 596-8745,strokedmustang66@yahoo.com,
Carmel,"46032, 46033",(312) 613-9166,bignogginmarketing@gmail.com,
Galt,95632,(209) 596-8745,strokedmustang66@yahoo.com,
Northeast Saint Petersburg,33702,(727) 315-0277,jaygraves.net@gmail.com,https://www.JayGraves.net
Pompano Beach FL,"33064, 33062, 33060, 33441, 33432",(954) 715-1265,thelocalbuzzfl@gmail.com,https://allwayssignsfl.com/
Dallas GA,30132,(470) 243-0055,j1953thompkins@gmail.com,https://localsharedadcards.com
San Mateo,"94403,94404,94010,94402,94401",(650) 394-7838,ontargetlocalmedia@gmail.com,https://ontargetlocalmedia.com
Oxford & Anniston,"36203, 36201, 36207, 36206, 36260",(256) 251-3623,southernspotlightmarketing@gmail.com,
Long Island Great South Bay,"11706, 11795, 11730, 11739",(772) 205-0400,joeyvms7@gmail.com,
Longview WA,98632,(971) 260-4260,hello@twelvex9.com,https://twelvex9.com
Eugene OR,"97401, 97402, 97403, 97404, 97405",(626) 642-8032,johnchang@petersonacquisitions.com,http://buylocaloregon.org/
DC Ranch,"85255, 85254, 85251, 85259, 85260",(602) 334-8960,john@thescottsdalescoop.com,https://www.thescottsdalescoop.com
Marion AR,72364,(870) 394-6259,chefscott2301@gmail.com,
Yucaipa,92399,(909) 809-1573,jayflowrez91@gmail.com,
Tulsa Metro,"74137, 74133",(918) 888-5463,jose@hometownplug.com,https://hometownplug.com
Pearland Texas,"77584, 77581",(832) 729-9974,josephle316@gmail.com,
Greater Prescott,"86305, 86301, 86303, 86315, 86325",(480) 579-1366,skyline_alpha@outlook.com,https://valiantekpros.com
Carrollwood FL,"33612,33625",(813) 284-9225,joshuavickory@gmail.com,
Puyallup,"98371,98372,98373,98374",brightsourcemktg@gmail.com,josiah@brightsourcemarketing.com,https://brightsourcemarketing.com/
Kennewick,"99336, 99353, 99301, 99352, 99338",(509) 701-2349,adonisflawless@proton.me,https://www.tricitiesspotlight.com/
Downtown Salisbury,"21801, 21804",(603) 715-7244,salisburylocalspotlight@gmail.com,
La Habra-Imperial Highway Corridor,90631,(562) 754-4074,smokey.co101@gmail.com,
Santa Monica,"90405, 90291, 90230, 90024, 90049",(951) 313-8259,kaela.brown85@gmail.com,
Provo,84057,(928) 243-8929,kamronrichards2@gmail.com,
East El Paso,"79930,79925,79912,77927",(915) 218-8979,kgv9090@gmail.com,
Myrtle Beach,"29577,29576,29575,29572,29585",(321) 266-7871,karygould@gmail.com,
Wilmington,"28403, 28401, 28405, 28451, 28409",(910) 530-4917,kellyc@communityspotlights.com,https://communityspotlights.com
South Mountain,85042,(480) 269-0583,kellygreen1967@gmail.com,
Palm Coast,32164,(669) 251-4179,kevnb@me.com,
North Glendale CA,91208,(213) 329-8950,hello@socialflymarketing.com,https://www.socialflymarketing.com/
WinterHaven FL,"33839, 33801, 33803, 33805, 33809",(727) 888-4144,Contact@PolkSpotlight.com,http://PolkSpotlight.com
Oldsmar FL,34677,(727) 888-4144,Contact@TampaBayPostcard.com,http://TampaBayPostcard.com
Kissimmee FL,34741,(727) 888-4144,Contact@OrlandoPostcard.com,http://OrlandoPostcard.com
Palmetto FL,34220,(727) 888-4144,Contact@ManateeSpotlight.com,http://ManateeSpotlight.com
Statesville NC,28625,(727) 888-4144,Contact@PiedmontSpotlight.com,http://PiedmontSpotlight.com
Largo FL,33756,(727) 888-4144,Contact@TampaBayPostcard.com,http://TampaBayPostcard.com
Cedar Rapids Iowa,52404,(330) 481-9222,5000mailers@gmail.com,
Greater Greer Station,"29650, 29651",(864) 554-5247,communityreachllc@yahoo.com,
Eastern Greenville,"29605, 29607, 29609",(864) 554-5247,laurenturcotte1@gmail.com,
South & Downtown Richmond,"23237, 23113, 23112, 23235, 23120",(804) 409-4019,rvalocalspotlight@gmail.com,
West Austin,"78732,78704,78746,78734",(512) 765-6144,yourneighborsfavorites@gmail.com,https://vampirecatprints.com/
Clifton NJ,"07028, 07042, 07044, 07043, 07009",(646) 489-9631,Leslie@bestlittleposthousenyc.com,https://thebestlittleposthousenyc.com
Nokomis FL,34275,(941) 877-1623,Venicebusinessdirectory@gmail.com,https://venicebusinessdirectory.com/postcards/
West Chester,19380,(484) 889-8382,lucaswhittlebusiness@gmail.com,
Northwest Miami,"33331, 33156, 33130, 33014, 33015",(786) 286-5847,lveteran@yahoo.com,
Prescott Valley,86314,(928) 925-1961,wiggylyndesigns@gmail.com,
Gaithersburg MD,"20878, 20877, 20879",(202) 341-1030,marcusmiddlebrook4@gmail.com,
Northwest Philadelphia,19119,(267) 584-2670,mark@PhillyLocalCoupons.com,https://www.PhillyLocalCoupons.com
Sioux Falls,"57103, 57105, 57108, 57110, 57005",(605) 215-1839,siouxfallsspotlight@gmail.com,https://siouxfallsspotlight.com/
High Desert Area,92307,(760) 885-9847,underbudgetmailer@gmail.com,
South San Antonio TX,"78211,78224,78221,78214,78223",(210) 941-5793,hello@210printandmail.com,https://210printandmail.com
Manassas Virginia,"20110, 20111, 20109, 20112, 20108",(703) 828-0401,hello@153local.com,https://153local.com
Lawrenceburg,"47001, 47025",(513) 265-7044,Thelocalbuzz1@gmail.com,
Downtown Saratoga Springs,"12866, 12065, 12020, 12019, 12118",(518) 904-6728,postcard.mc@gmail.com,
North Liberty,"52317, 52338, 52241",(319) 775-3557,maxwellwolfgangpost@gmail.com,
Royal Oak MI,"48073, 48017, 48067, 48072, 48009",(313) 737-6676,mchamblissii@gmail.com,https://max-inspire.com/
Laurel,"20707, 20708, 20723, 20724",(227) 225-9160,hello@directpostco.com,https://www.directpostco.com
Searcy,72143,(501) 388-2216,thesearcyspotlight@gmail.com,https://thesearcyspotlight.systeme.io/185e4679
West Bend WI,"53090, 53095",(262) 346-1266,westbendspotlight@gmail.com,https://www.adyourbiz.com
Hilliard,43026,(614) 439-6343,m2michaelmott@gmail.com,https://hilliardconnect.com
Mill Creek,"98012, 98021",(206) 486-6267,michael@notvanillamedia.com,https://notvanillamedia.com
Downtown Redding,"96001,96002,96003",(530) 638-035,michael.allen.ellis@gmail.com,
Coachella CA,92236,(442) 529-2363,miguel.ramos3093@gmail.com,
Riverside,"92501, 92507, 92509, 92508, 92516",(951) 324-4440,info@riversidespotlight.com,https://riversidespotlight.com
Winter Garden,34787,(407) 434-1797,djsted@gmail.com,
Lithia FL,"33547, 33596, 33569, 33803",(813) 981-7304,mike@mpcreative.co,https://www.mpcreative.co
Naples FL,34119,(239) 397-3397,mdoherty@allthingsnaples.com,https://allthingsnaples.com/
Midland Park NJ,07432,(201) 800-4280,localhubconnect@gmail.com,https://www.localhubconnect.com
South Portland,04106,,mitchell.ourlocalspotlight@gmail.com,https://ourlocalspotlight.com
Sanford,"04073,04083",(080) 009-0928,localspotlightinfo@gmail.com,https://ourlocalspotlight.com
Knightdale,"27545,27591,27587",(919) 264-8756,myrasnider@nc.rr.com,
North Chicago,"60618, 60625, 60640, 60613, 60657",(312) 608-1045,natewatts62410@gmail.com,
Harlingen,78551,(956) 520-6671,weslacocityscapeads@outlook.com,
Weslaco,"78596,78599",(956) 520-6671,weslacocityscapeads@outlook.com,
Lexington Metro,"40511,40324,40347,40356,40475",(502) 427-9555,ntrolli@comcast.net,https://bluegrasslocalspotlight.com
Temple,76502,(760) 605-3290,nsundvall2@hotmail.com,
Fort Mill SC,"29708,29715,29730,29707,29732",(704) 565-9490,carolinaconnectlocal@gmail.com,
Lakewood Ranch FL,"34202, 34211, 34212, 34240",(813) 421-3213,lakewoodranchmailer@gmail.com,https://lakwoodranchmailer.com
Perrysburg OH,43551,(216) 339-9817,mailboxmomentum@gmail.com,https://mailboxmomentum.com
Southeast Jacksonville FL,"32246,32250,32258",(904) 236-1224,noel@ngxdigital.com,https://hometowngems.com/
North Brunswick,08902,(914) 771-0375,parrispurcelle@aol.com,https://bizspotlight.net/
Spring Lake,07762,(980) 895-1221,pmac8603@gmail.com,
Manhattan Beach,"90266, 90254, 90278, 90277, 90505",(310) 290-3318,Patrick@TheSouthBayCo-op.com,https://thesouthbayco-op.com/
Lakewood,90715,(562) 961-0171,LakewoodSpotlight@gmail.com,
Shrewsbury,01545,(508) 981-7996,patgara1212@gmail.com,
Buford,"30519, 30518",(470) 345-8039,spotlightmarketingceo@gmail.com,
Westchester,"60526, 60525, 60154, 60558, 60126",(331) 313-7498,ssbsquad@proton.me,
Granger,46530,(269) 635-0040,tkpl25@yahoo.com,
Missoula,"59801, 59802, 59803, 59804, 59806",(406) 660-6693,info@bigskyautomation.com,https://bigskyautomation.com/
Georgetown ON,L7G,(416) 520-2149,info@smartadz.ca,https://smartadz.ca
Erie CO,"80026,80516",(720) 588-2255,randyhooser@gmail.com,
Vacaville,"95687, 95688",(916) 616-7331,ray@rayearl.com,
South San Jose,"95120, 95118, 95123, 95138, 95124",(408) 889-8618,motleyfuture@gmail.com,
Hattiesburg,39401,(601) 509-2211,rick.blackledge@gmail.com,
East Beaumont TX,"77701, 77702, 77703, 77704, 77705",(409) 292-6391,AroundHereGroup@gmail.com,https://www.aroundhere.group/
Petal,39465,(601) 509-2211,rick.blackledge@gmail.com,
Mattoon / Charleston,"61920, 61938, 61943, 61931, 61912",(217) 689-1064,rickmillermarketing@gmail.com,https://advertisingbreakthrough.com
Apex NC,27523,(919) 589-8447,rob@wcdesignworks.com,https://wcdesignworks.com/
Haslet TX,"76052,76177",(972) 897-4458,thelocalroundupco@gmail.com,
Eagle ID,83714,(619) 618-9211,robb.a.cruz@gmail.com,
Douglasville GA,30135,(404) 304-0511,mandallchris@gmail.com,http://peachspotlight.com
Keller TX,"76137, 76131, 76244, 76248, 76148",(972) 897-4458,thelocalroundupco@gmail.com,
Hunters Creek FL,32837,(407) 329-4345,rlshindoll@thecentralfkoridaspotlight.com,https://www.thecentralfloridaspotlight.com
Honolulu,96822,(808) 938-4323,ConnectwithArce@gmail.com,
Vaughan Ontario,L4J 9E9,(226) 781-5552,contentrepurposing@hotmail.com,https://vaughanspotlight.com/
Warwick,02889,(401) 390-4452,bretonaffiliate@gmail.com,www.oceanstatelocalspotlight.com
Johnston RI,02919,(401) 390-4452,bretonaffiliate@gmail.com,www.oceanstatelocalspotlight.com
Cranston RI,02910,(401) 390-4452,bretonaffiliate@gmail.com,www.oceanstatelocalspotlight.com
Downtown Providence RI,02903,(401) 390-4452,bretonaffiliate@gmail.com,www.oceanstatelocalspotlight.com
Newton Centre,"02459, 02471, 02472, 02135, 02451",(781) 492-7706,rosanna@sampsonhomesales.com,https://rosannasampson.exprealty.com/
Winter Park Maitland & Altamonte Springs,"32789, 32790, 32792, 32751, 32794",(321) 872-7566,realtyadvisor101@gmail.com,https://bit.ly/postcards2025
South End Charlotte NC,28203,(336) 953-1526,rowsconsulting@gmail.com,
Olympia,"98501, 98502, 98503, 98504, 98506",(619) 618-8639,kayveecompany@yahoo.com,
Sheboygan,53044,(805) 636-8711,RyanKohler12@gmail.com,
Gainesville,20155,(703) 596-9220,ryan@armadaads.com,
Camarillo CA,"93012, 93063, 93065, 93021, 91377",(805) 876-6500,Ryan@mytownpost.com,https://mytownpost.com
Mesa,"85212, 85140, 85142, 85201, 85213",(480) 331-2831,sam@eastvalleyshoutouts.com,https://www.eastvalleyshoutouts.com
Braintree MA,02184,(617) 917-9707,smerlino1@gmail.com,
Citrus Heights & Lodi CA,"95610,95242",(916) 745-9757,Scott@hottspotlights.com,http://www.hottspotlights.com
Caldwell & Nampa,"83605, 83686, 83680, 83722, 83799",(986) 201-6258,Scottansharon@outlook.com,https://themailboxbillboard.com
Patchogue,"11772,11950,11741,11777,11779",(833) 219-2003,scott@twinshoresmarketing.com,https://twinshoresmarketing.com
Henrico,"23228, 23059, 23060, 23229, 23111",(804) 274-8315,rivercityspotlightcard@gmail.com,https://rivercityspotlight.com
Safety Harbor,34695,(813) 666-5092,9x12.spotlight.safetyharbor@gmail.com,
Citrus Park FL,33625,(813) 541-4317,sergio@goldsharksolutions.com,https://localbeacons.io
Carrollwood FL 2,"33626,33625",(813) 541-4317,Sergio@goldsharksolutions.com,https://localbeacons.io
Columbus GA,"31904, 31901, 31903, 31905, 31906",(706) 392-2563,fountaincitysource@gmail.com,https://fountaincitysource.beehiiv.com/
Crowley TX,76036,(346) 491-9862,officershane77@gmail.com,https://bossupmedia.com/
Highland City FL,"33812,33813",(863) 225-3579,localsmallbusinessspotlight@gmail.com,
Highland CA,92346,(909) 205-6200,eastvalleypostcard@gmail.com,https://eastvallleypostcard.com
Northern Clinton County,"12979, 12919, 12921, 12958, 05440",(203) 260-1417,shirleen@SalesConversionMarketing.com,
Dover NH,"03820,03821,03822",(508) 365-3556,yorkmainespotlight@gmail.com,
Portsmouth NH,"03801,03802,03803",(508) 365-3556,yorkmainespotlight@gmail.com,
York ME,"03909,03902,03910,03911",(508) 365-3665,yorkmainespotlight@gmail.com,
Fort Myers,33912,(239) 416-5656,info@shinelocal.biz,https://shinelocalbiz.com
East Denver Colorado,"80220,80206,80209,80238,80207",(720) 989-7012,steve@milehighmailer.com,https://milehighmailer.com
Oro Valley,85750,(224) 227-4765,Tanner.s.andre@gmail.com,
St. George Utah,"84765, 84770, 84771, 84780, 84790",(801) 822-7285,meanzco@gmail.com,https://meanzco.com/
Ocala,"34470, 34471, 34472, 34473, 34474",(352) 509-5509,goingsocialinfo@gmail.com,https://www.goingsocialmarketing.com/
East Side Cincinnati,"45255, 45245, 45244, 45102, 45103",(513) 998-1998,hello@cincylocalspotlight.com,https://cincylocalspotlight.com
North San Diego,"92027, 92025, 92064, 92010, 92008",(442) 533-8482,socalmedianetwork@gmail.com,
Wesley Chapel,33545,(813) 725-2466,northtampaspotlight@gmail.com,
Fairborn Ohio,45324,(937) 705-9162,tracylwalters365@gmail.com,
Treasure Coast,"34953, 34987, 34990, 34986, 34997",(772) 380-3195,info@traditionshowcase.com,https://www.traditionshowcase.com
Smyrna GA,"30080, 30082",(404) 829-4944,travis@bluespotcreative.com,https://bluespotcreative.com/
The East Bay,"94568, 94566, 94588, 94582, 94583",(925) 307-6744,trivalleybusinessspotlight@gmail.com,trivalleybusinessspotlight.com
Smyrna & Murfreesboro TN,"37127, 37128, 37129, 37130, 37131",(615) 946-9190,trinadaniels@gmail.com,www.trinadaniels.com
Grove City OH,43123,(615) 946-9190,trinadaniels@gmail.com,www.trinadaniels.com
Morehead KY,40351,(615) 946-9190,trinadaniels@gmail.com,www.trinadaniels.com
Camp Bowie TX,"76107,76116,76109,76008,76126",(940) 242-1228,vanessa@thelocalloop.co,https://fortworth.thelocalloop.co
Trevose & Southampton PA,"19053,18966",(215) 834-6238,thelocalloopllc@gmail.com,
Southeast Miami,"33156,33157,33133,33134,33176",(786) 457-8993,will@dadelocal.com,https://dadelocal.com
Lee Summit,"64063, 64064, 64081, 64082, 64086",(816) 666-2159,postcardspotlight@gmail.com,
Las Vegas,"89135, 89138, 89117, 89145, 89178",(702) 660-1427,hello@702spotlight.com,https://www.702spotlight.com/
Alexandria VA,"22310,22315,22307,22314,22308",(540) 762-4375,herbstmarketing@gmail.com,https://Alexandria411.com
Draper,84020,(801) 572-2834,goldtechwindows@gmail.com,https://goldtechwindows.com/advertise
Williamsburg,"23188, 23185",(757) 876-6846,757postcard@gmail.com,
